--Datos en la tabla de Productos
  INSERT INTO `products` (`productId`, `productName`, `productDescription`, `productPrice`, `productImgUrl`, `productStatus`, `categoryId`, `productStock`) VALUES
  (1, 'Marcador Acrilico Deli 6 Colores', 'Descubre la magia de la creatividad con este paquete de 6 marcadores acrílicos Deli, ideales para darle un toque brillante y metálico a tus proyectos escolares.', 79.90, 'https://acosa.com.hn/wp-content/uploads/2025/02/HM114-B.webp', 'ACT', 1, 15),
  (2, 'Mochila Genial Max Diseños Unisex', 'Disfruta de la comodidad y estilo, con un diseño moderno y funcional, esta mochila es perfecta para llevar todas tus pertenencias de forma segura y organizada.', 487.80, 'https://acosa.com.hn/wp-content/uploads/2024/12/GEX-MEU2404.webp', 'ACT', 1, 10),
  (3, 'Cuaderno #3 3 Materias Genial Diseños Femeninos', 'Experimenta la combinación perfecta de estilo y funcionalidad. Con sus diseños femeninos únicos, este cuaderno te ayudará a mantenerte organizada y creativa a la vez.', 49.92, 'https://acosa.com.hn/wp-content/uploads/2022/11/A45654.jpg', 'ACT', 1, 30),
  (4, 'Barra Adhesiva 21Gr Uhu', 'Ideal para tus proyectos escolares, manualidades o trabajos de oficina. Su fórmula de secado rápido garantiza una adhesión fuerte y limpia.', 41.88, 'https://acosa.com.hn/wp-content/uploads/2021/03/A1222.webp', 'ACT', 1, 40),
  (5, 'Acordeon Plastico Deli Tamaño Carta 13 Divisiones Vertical', 'Este práctico acordeón de plástico tamaño carta te ayudará a mantener tus documentos organizados de manera eficiente y ordenada. Con 13 divisiones verticales, podrás clasificar tus papeles de forma sencilla y rápida.', 205.00, 'https://acosa.com.hn/wp-content/uploads/2023/10/E5556.webp', 'ACT', 2, 20),
  (6, 'Grapadora Stanley Bostitch Tira Completa B660 Negra', 'Engrapador con tecnología anti-atasco para engrapado suave, dos funciones (temporal y estándar), indicador de grapas y remachador ajustable para 210 grapas estándar.', 206.00, 'https://acosa.com.hn/wp-content/uploads/2021/03/B660-BLK.webp', 'ACT', 2, 25),
  (7, 'Tablero T/Carta Acrimet Gancho Metal', 'Tablero tipo carta, fabricado en metal resistente, diseñado para uso en oficinas, talleres o espacios industriales. Ideal para organizar documentos, notas o materiales de trabajo, ofreciendo durabilidad y funcionalidad gracias a su construcción sólida y acabado de calidad.', 70.00, 'https://acosa.com.hn/wp-content/uploads/2021/08/A30930.png', 'ACT', 2, 50),
  (8, 'Dispensador Tape Deli 210Mm Surt Negro/Azul', 'Este dispensador de cinta de gran tamaño es la solución perfecta para mantener tus documentos organizados en la oficina. Con un diseño moderno, este producto es fácil de usar y ahorra tiempo en el embalaje de paquetes. Además, su tamaño grande garantiza que no te quedes sin cinta cuando más la necesitas.', 146.10, 'https://acosa.com.hn/wp-content/uploads/2022/11/E816.jpg', 'ACT', 2, 35),
  (9, 'Bombillo Inteligente Led Wifi Nexxt Rgb A19 Multicolor', 'Nunca fue tan fácil darle un toque personal a tu hogar con la iluminación de Nexxt. Disfruta de ambientes únicos y multicolor creados por ti, decide a qué hora se encienden o apagan las luces y mucho más, todo esto desde tu celular y con comandos de voz.', 205.00, 'https://acosa.com.hn/wp-content/uploads/2025/04/NHB-C110M.webp', 'ACT', 3, 12),
  (10, 'Camara Inteligente 2K 3Mp Para Interior Domo Tp-Link', 'Cámara 2K con visión panorámica 360º, visión nocturna hasta 9 metros, detección de movimiento con alertas, alarma de luz y sonido, audio bidireccional, almacenamiento seguro hasta 512GB, y control por voz compatible con Google Assistant y Alexa.', 990.00, 'https://acosa.com.hn/wp-content/uploads/2024/03/Tapo-C210.webp', 'ACT', 3, 8),
  (11, 'Cerradura Inteligente Wifi Negro Nexxt.', 'Cerradura inteligente con conectividad WiFi, diseño moderno en negro, que permite control remoto y acceso seguro a tu hogar desde tu smartphone. Fácil instalación y compatible con asistentes de voz.', 2800.00, 'https://acosa.com.hn/wp-content/uploads/2023/06/A71785.webp', 'ACT', 3, 6),
  (12, 'Difusor De Aroma Inteligente Wifi Nexxt', 'Difusor de aroma inteligente WiFi Nexxt NHA-A600 – Controla aromas desde tu móvil para un ambiente relajante y personalizado.', 1345.01, 'https://acosa.com.hn/wp-content/uploads/2021/06/NHA-A600.png', 'ACT', 3, 5),
  (13, 'Audifono Redragon Gaming Hylas 3.5Mm Rosa Con Microfono Rgb H260P', 'Los Hylas son auriculares estéreo con conexión de 3,5 mm y diafragmas de neodimio de 50 mm que ofrecen un sonido claro y preciso, con aislamiento pasivo para una experiencia inmersiva.', 590.00, 'https://acosa.com.hn/wp-content/uploads/2022/02/H260p-RGB.jpg', 'ACT', 4, 18),
  (14, 'Control Gaming Inalambrico Marvo Gt-88 Trasnp Rgb', 'Mando inalámbrico compatible con Android, iOS, PC, PS3, PS4 y Nintendo Switch. Diseño ergonómico con materiales antideslizantes y resistentes al sudor. Joystick 3D de alta durabilidad (500,000 usos). Soporte para móvil hasta 8.5 cm. Uso continuo de 8-12 horas.', 755.00, 'https://acosa.com.hn/wp-content/uploads/2025/07/GT-88.webp', 'ACT', 4, 13),
  (15, 'Alfombra Para Silla Trust Gaming Negro Gxt 715', 'Alfombra para silla Trust Gaming GXT 715, color negro, diseñada para proteger el suelo y facilitar el movimiento de la silla con estilo y durabilidad.', 644.00, 'https://acosa.com.hn/wp-content/uploads/2021/09/22524-1.png', 'ACT', 4, 9),
  (16, 'Disipador De Calor Laptop Marvo Gaming Usb Negro Fn-40', 'Disipador de calor para laptop Marvo Gaming USB FN-40, diseñado para evitar el sobrecalentamiento durante largas sesiones. Compacto, ligero y fácil de usar con conexión USB. Ideal para mantener tu portátil fresco y mejorar su rendimiento.', 595.00, 'https://acosa.com.hn/wp-content/uploads/2022/02/FN-40.jpg', 'ACT', 4, 11),
  (17, 'Celular Honor X7C 6.8 8GB-256GB Verde', 'Este dispositivo tiene una pantalla de 6.7" a 120 Hz, Android 14 con MagicOS 8, procesador Octa-core, 8 GB de RAM y 256 GB de almacenamiento. Cuenta con cámara trasera de 108 MP + 2 MP, frontal de 8 MP y batería de hasta 6000 mAh.', 5899.01, 'https://acosa.com.hn/wp-content/uploads/2025/01/Alita-L33E1.webp', 'ACT', 3, 7),
  (18, 'Escritorio 39 Negro Wiwi 100X48X73.2Cm', 'El Escritorio 39 Negro Wiwi es un mueble compacto y funcional, ideal para espacios reducidos, oficinas en casa o áreas de estudio. Su diseño moderno y minimalista en color negro lo hace versátil para diferentes estilos de decoración.', 1434.00, 'https://acosa.com.hn/wp-content/uploads/2025/05/WI-ESC10048BLK.webp', 'ACT', 2, 10),
  (19, 'Audifono Redragon Gaming Lamia2 Usb 7.1 Negro Con Microfono Rgb H320', 'Los Lamia son auriculares RGB con sonido 7.1 virtual que destacan por tres atributos de construcción: son muy cómodos, son muy bonitos y son muy robustos. Pero hay mucho más en ellos; es en su rendimiento —tanto el de los auriculares como el del micrófono—donde descansan sus mayores virtudes. Con el software dedicado, además, incorporan poderosas herramientas de ecualización que acentúan y realzan la espacialidad del sonido.', 1894.99, 'https://acosa.com.hn/wp-content/uploads/2022/08/H320-RGB.jpg', 'ACT', 4, 6),
  (20, 'Televisor Aiwa Led 32 Smart HD', 'El Televisor Aiwa Led de 32″ Smart HD cuenta con sistema operativo Android TV, procesador doble Dual Core, 1.5GB de memoria DDR y 8GB de almacenamiento Flash. Viene con aplicaciones precargadas como Netflix, YouTube, Disney Plus, HBO Max, Facebook, Prime Video, entre otras, además de acceso a la tienda de aplicaciones Google Play Store para descargar tus apps favoritas.', 4199.00, 'https://acosa.com.hn/wp-content/uploads/2022/05/AW32B4SMG.jpg', 'ACT', 3, 4),
  (21, 'Calculadora Casio Fx-85Ms Cientifica 240 Fun 2-Linea', 'Este kit educativo incluye cálculos de fracciones, combinación y permutación, y herramientas para análisis estadístico como el editor de datos STAT, cálculo de desviación estándar y análisis de regresión. Soporta hasta 9 variables y viene acompañado de un estuche rígido deslizable para fácil transporte y protección del equipo.', 659.00, 'https://acosa.com.hn/wp-content/uploads/2022/11/FX85MS.jpg', 'ACT', 1, 5),
  (22, 'Lapicero Bluey 1 Depositos P2379', '¡Haz que escribir sea más divertido con el Lapicero Bluey 1 Depósito P2379! Diseñado con un colorido estampado de Bluey, el popular personaje infantil, este lapicero es ideal para niños y fans de la serie. Cuenta con un depósito de tinta de alta duración que ofrece un trazo suave y continuo. Su diseño ergonómico y liviano lo hace cómodo para el uso diario en la escuela o en casa. Perfecto para añadir un toque de alegría a cualquier estuche escolar.', 243.00, 'https://acosa.com.hn/wp-content/uploads/2025/02/D112-BLU-P2380.webp', 'ACT', 1, 42),
  (23, 'Termo Plastico Stitch 390Ml', 'Lindo y práctico termo con diseño de Stitch. Capacidad de 390 mL, ideal para agua o jugo. Ligero, resistente y con tapa segura para evitar derrames. Perfecto para niños y fans de Disney.', 198.00, 'https://acosa.com.hn/wp-content/uploads/2025/04/744-75005.webp', 'ACT', 1, 22),
  (24, 'Libro De Actividades Animales Divertidos Con Stickers Surt', 'Perfecto para que los niños aprendan jugando. Cuenta con páginas llenas de actividades coloridas y divertidos stickers para completar escenas de animales de la granja y la selva. Ideal para estimular la creatividad y el aprendizaje en los más pequeños.', 165.00, 'https://acosa.com.hn/wp-content/uploads/2024/08/SCA-5411.webp', 'ACT', 1, 5),
  (25, 'Rompecabeza Madera Reloj Merletto 1334', 'Este colorido rompecabezas de madera está diseñado para ayudar a los niños a aprender a leer la hora de manera divertida. Cuenta con manecillas móviles y números grandes, facilitando la comprensión de las horas y minutos. Ideal para niños a partir de 3 años, fomenta el desarrollo de habilidades motoras y cognitivas.', 210.50, 'https://acosa.com.hn/wp-content/uploads/2021/03/780-6801334.webp', 'ACT', 1, 2),
  (26, 'Borrador Y-Plus Butterfly Ex1307', 'borrador de alta calidad diseñado para eliminar trazos de lápiz con precisión y sin dañar el papel. Su diseño ergonómico y colores vibrantes lo hacen atractivo y fácil de usar. Ideal para estudiantes y profesionales que buscan un borrador confiable y duradero.', 13.30, 'https://acosa.com.hn/wp-content/uploads/2021/03/EX1307.webp', 'ACT', 1, 21),
  (27, 'Porta Carnet Plastico Deli Horizontal Gris', 'Protege tu carnet de identificación con este porta carnet plástico horizontal en color gris. Su diseño elegante y funcional te permite llevar tu documento de forma segura y visible en todo momento. Olvídate de preocuparte por perder tu carnet o dañarlo, este porta carnet es la solución ideal para mantener tu identificación siempre a mano.', 31.71, 'https://acosa.com.hn/wp-content/uploads/2022/11/8314GY.png', 'ACT', 2, 30),
  (28, 'Almohadilla Para Sello Azul #1 Merletto 11x7cm', 'Esta almohadilla de tinta azul de la marca Merletto es ideal para sellos manuales. Con un tamaño de 11x7 cm, ofrece una superficie amplia para obtener estampados nítidos y legibles. Su diseño compacto y práctico la hace perfecta para uso en oficinas, escuelas y negocios.', 29.80, 'https://acosa.com.hn/wp-content/uploads/2021/03/780-149326309.webp', 'ACT', 2, 9),
  (29, 'Binder 2 Risk Ampo', 'Carpeta de anillas de alta calidad, diseñada para ofrecer una organización eficiente y segura de documentos. Con una capacidad para aproximadamente 425 hojas, es ideal para uso en oficinas, escuelas y entornos profesionales que requieren almacenamiento confiable y duradero. Su estructura robusta y diseño funcional aseguran una larga vida útil y protección para tus documentos importantes.', 79.60, 'https://acosa.com.hn/wp-content/uploads/2025/05/POR-PT-00139.webp', 'ACT', 2, 35),
  (30, 'Papel Impresora 3 X150 1Parte Caja 50 Rollos', 'Este rollo de papel bond de 3 pulgadas de ancho y 150 pies de largo es ideal para impresoras de cocina, cajas registradoras y puntos de venta (POS). Con una capa de grosor adecuado, ofrece una impresión clara y nítida, siendo compatible con diversos modelos de impresoras. La caja contiene 50 rollos, lo que proporciona una solución económica y práctica para negocios con alto volumen de transacciones.', 1189.00, 'https://acosa.com.hn/wp-content/uploads/2023/02/R1-03150-1.jpg', 'ACT', 2, 26),
  (31, 'Anillos De Refuerzo Leitz', 'Adhesivos transparentes diseñados para reforzar los agujeros perforados en documentos, evitando que se desgasten o rasguen con el uso frecuente. Fabricados en película de polipropileno (PP), ofrecen una protección confiable y duradera. Son ideales para organizar y archivar documentos en carpetas de anillas, garantizando su integridad a lo largo del tiempo.', 105.90, 'https://acosa.com.hn/wp-content/uploads/2022/11/A1110.png', 'ACT', 2, 72),
  (32, 'Monitor Acer 21.5 Hd 1920 X 1080 Hdmi Vga Dp Ek220qh3bi Neg', 'Este monitor Full HD de 75 Hz con panel VA ofrece una buena calidad de imagen para oficina, estudio y entretenimiento básico. Cuenta con conectividad HDMI y VGA, montaje VESA, y tecnologías para proteger la vista como BlueLightShield y Flickerless.', 2445.00, 'https://acosa.com.hn/wp-content/uploads/2025/04/UM.WE0AA.301.webp', 'ACT', 3, 14),
  (33, 'Repetidor Cudy 2402Mbps Dual Band 5Ghz Wifi 6 Ax3000', 'Este extensor WiFi AX3000 con Wi-Fi 6 ofrece conexión rápida y estable gracias a su procesador Cortex-A53, antenas externas y tecnologías como OFDMA y MU-MIMO. Compatible con cualquier router, incluye puertos Gigabit Ethernet y funciones 3 en 1 (extensor, punto de acceso y malla), con configuración sencilla multilingüe.', 1395.00, 'https://acosa.com.hn/wp-content/uploads/2024/03/RE3000.webp', 'ACT', 4, 30),
  (34, 'Proyector Epson Powerlite 118', 'El proyector Epson Powerlite 118 ofrece resolución XGA nativa con tecnología 3LCD de 3 chips para colores brillantes y vivos. Cuenta con lámpara de larga duración de hasta 17,000 horas en modo ECO, conectividad avanzada RJ-45 y bajo consumo energético en modo de espera.', 19260.00, 'https://acosa.com.hn/wp-content/uploads/2023/06/V11HA03020.webp', 'ACT', 3, 9),
  (35, 'Panel Solar 560W Nenotech', 'El Panel Solar 560 W Nenotech (NS‑560MH‑144) ofrece alta potencia con tecnología monocristalina y tolerancia de +3 %, ideal para aplicaciones residenciales o comerciales. Con un voltaje en Pmax de 42,46 V y corriente de 13,19 A, soporta hasta 1500 V en sistemas y funciona en temperaturas de −40 °C a +85 °C. Su estructura robusta con marco de aluminio y garantía de 20 años lo hacen una opción confiable y duradera.', 5090.00, 'https://acosa.com.hn/wp-content/uploads/2024/06/NS-560MH-144.webp', 'ACT', 3, 5),
  (36, 'Parlante Marvo Gaming 2.0 3W Inalambrico Rgb Negro Sg-285', 'Altavoz para juegos con cable, ideal para PC o consolas. Ofrece sonido 2.0 con dos modos de audio, control de volumen mediante perilla práctica y 5 efectos de iluminación RGB para una experiencia más inmersiva. Diseño compacto y fácil de usar.', 395.00, 'https://acosa.com.hn/wp-content/uploads/2025/06/SG-285.webp', 'ACT', 4, 10),
  (37, 'Microfono Marvo Gaming 3.5Mm Streaming Negro Mic-06', 'El Micrófono Marvo Gaming MIC-06 es ideal para streaming, gaming o videollamadas. Cuenta con conexión USB, salida de 3.5 mm, soporte ajustable de 45°, iluminación RGB, cable trenzado de 1.7 m, malla superior de metal y base plástica resistente. Calidad y estilo para tus grabaciones.', 538.30, 'https://acosa.com.hn/wp-content/uploads/2023/09/MIC-06-BK.webp', 'ACT', 4, 9),
  (38, 'Memoria Ram Ddr4 Gaming 8Gb 3200Mhz Rgb Pc4-25600 Xpg D50', 'Alcanzando velocidades de hasta 4133 MHz y con una capacidad máxima de 32 GB, el módulo XPG SPECTRIX D50 es un monstruo de módulo de memoria. También tiene aspecto impactante con un elegante estilo geométrico y una impresionante barra de luz RGB triangular.', 1689.01, 'https://acosa.com.hn/wp-content/uploads/2021/12/AX4U32008G16A-ST5.jpg', 'ACT', 4, 15),
  (39, 'Mouse Redragon Gaming Griffin Usb Negro Rgb M607 Dpi 800-7200', 'El Redragon Griffin M607 es un mouse gaming con sensor óptico preciso y ajuste de DPI desde 800 hasta 7200. Ofrece una experiencia fluida y personalizable con iluminación RGB, diseño ergonómico y conexión USB alámbrica para un rendimiento confiable en cada partida.', 545.00, 'https://acosa.com.hn/wp-content/uploads/2021/09/M607.png', 'ACT', 4, 35),
  (40, 'Teclado T-Dagger Gaming Usb Negro RGB Full Size T-TGK310 Mecanico', 'El Teclado T-Dagger T-TGK310 es un teclado mecánico full size con switches T-Dagger Blue (50 g) o Red (45 g), ideal para gamers. Cuenta con iluminación RGB, teclas multimedia vía Fn, 100 % anti-ghosting y full key rollover. Con diseño robusto y conexión USB, ofrece precisión y estilo en cada partida.', 1117.00, 'https://acosa.com.hn/wp-content/uploads/2024/05/T-TGK310-RD-SP.webp', 'ACT', 4, 35),
  (41, 'Disco Duro Interno Toshiba 1TB', 'Aumente el rendimiento de su portátil con el disco duro interno Toshiba de 1TB, eSATA y 2.5″, con servicio de recuperación de datos incluido. ¡Maximice su almacenamiento y seguridad hoy!', 1945.00, 'https://acosa.com.hn/wp-content/uploads/2021/12/MQ04ABF100.jpg', 'ACT', 4, 3),
  (42, 'Teclado + Mouse Logitech Mk200 Esp Usb', 'Conecta vía USB este mouse con cable para uso ambidiestro y el teclado de tamaño normal, y comienza a trabajar inmediatamente. El teclado incluye una sección numérica suplementada con ocho teclas de acceso rápido, y el mouse ofrece un confortable apoyo para la mano y seguimiento fluido para facilitar la navegación.', 645.00, 'https://acosa.com.hn/wp-content/uploads/2021/03/920-002716.webp', 'ACT', 4, 6),
  (43, 'Docking Station Klipx 9 en 1 Con Soporte Para Laptop Con Carga Inalambrica', 'Tu productividad se beneficiará enormemente de la perfecta integración de múltiples plataformas e interfaces en DockStar, la compacta y versátil estación de acoplamiento 9 en 1 con soporte para laptop y plataforma de carga inalámbrica integrados de Klip Xtreme.', 2245.00, 'https://acosa.com.hn/wp-content/uploads/2025/06/KDA-500.webp', 'ACT', 4, 8),
  (44, 'Memoria Usb Adata 2.0-64gb Uv220', 'La Memoria USB Adata UV220 64GB 2.0 ofrece almacenamiento confiable y práctico para tus archivos. Con diseño retráctil, interfaz USB 2.0 y gran capacidad, es ideal para uso diario en estudio, trabajo o respaldo de datos.', 139.00, 'https://acosa.com.hn/wp-content/uploads/2025/06/AUV220-64G-RWHGY.webp', 'ACT', 4, 50),
  (45, 'Tablet Samsung A9+ 11 Wifi 64GB-4GB Gris', 'La Samsung Galaxy Tab A9+ cuenta con pantalla de 11″ a 90 Hz, procesador Octa‑Core y 4 GB de RAM con 64 GB de almacenamiento. Incluye cámaras de 8 MP y 5 MP, batería de 7040 mAh y Android 13 con One UI 5.1, ideal para estudio, entretenimiento y productividad.', 6795.01, 'https://acosa.com.hn/wp-content/uploads/2024/01/SM-X210NZAAGTO.webp', 'ACT', 4, 10),
  (46, 'Disco Duro Externos Seagate Stea2000 1Tb', 'La unidad portátil Expansion de Seagate® es compacta e ideal para llevarla a todas partes. Agregue más espacio de almacenamiento instantáneamente a su computadora y lleve consigo archivos grandes dondequiera que vaya. La configuración es directa, simplemente conecte un único cable USB, y listo.', 3150.00, 'https://acosa.com.hn/wp-content/uploads/2021/03/STEA1000400.webp', 'ACT', 4, 1),
  (47, 'Mouse Logitech Usb Negro M110 3 Botones', 'El Logitech M110 es un mouse alámbrico de 3 botones con diseño cómodo y sensor de 1000 DPI para un control preciso. Compacto y ligero, ofrece desplazamiento óptico línea a línea y cable de 1.8 m, ideal para trabajo o uso diario.', 245.00, 'https://acosa.com.hn/wp-content/uploads/2023/06/910-006756.webp', 'ACT', 4, 23),
  (48, 'Monitor Aoc 21 45 Fhd 1920 X 1080 Hdmi Vga Negro', 'El Monitor AOC 21.5″ FHD ofrece panel VA con 100 Hz, tiempo de respuesta de 4 ms y colores vibrantes 100 % sRGB. Incluye HDMI y VGA, soporte HDR, ajuste de inclinación y compatibilidad VESA, ideal para trabajo, estudio o entretenimiento.', 2690.00, 'https://acosa.com.hn/wp-content/uploads/2024/10/22B2HM2.webp', 'ACT', 4, 8),
  (49, 'Webcam Redragon Gw800 1080P Neg Usb Con Microfono', 'La Redragon GW800 ofrece video Full HD 1080p con lente de 72° y control automático de imagen. Compatible con Windows, Linux y Mac OS, incluye micrófono integrado y conexión USB, ideal para videollamadas, streaming y conferencias.', 1575.00, 'https://acosa.com.hn/wp-content/uploads/2022/08/GW800.jpg', 'ACT', 4, 29),
  (50, 'Pad Para Mouse Trust Gaming Negro Rgb Gxt 764 93X30X0.3Cm', 'La alfombrilla Trus de ratón Trust GXT 764 Glide-Flex XXL RGB. Es una alfombrilla de tamaño extragrande (930 x 300 x 3 mm) diseñada para ofrecer máxima libertad de movimiento, ideal para gamers y usuarios que necesitan espacio para el teclado y el ratón.', 1289.00, 'https://acosa.com.hn/wp-content/uploads/2021/09/23395.png', 'ACT', 4, 5),
  (51, 'Ups Regulador Forza 1500va 120v 8 Salidas 840w Fx-1500lcd', 'El UPS Forza FX-1500LCD de 1500VA/840W protege tus equipos con topología interactiva y onda senoidal simulada. Incluye 8 salidas NEMA, pantalla LCD, comunicación USB y software Forza Tracker para gestión y monitoreo eficiente.', 6095.00, 'https://acosa.com.hn/wp-content/uploads/2021/03/FX-1500LCD.webp', 'ACT', 4, 23),
  (52, 'Protector De Picos Nenotech Led Pps1000', 'Ideal para equipos electrónicos con un nivel superior de protección, potencia máxima 1800w, 80 joules, programación de retraso desde 90 segundos, indicadores led de alto y bajo voltaje.', 209.00, 'https://acosa.com.hn/wp-content/uploads/2025/01/NT-PPS1000.webp', 'ACT', 4, 15),
  (53, 'Adaptador Usb-C a Ethernet Rj45 3MG Ugreen', 'RJ45 a Thunderbolt 3 Tipo C Network 1000Mbps Convertidor LAN Compatible con MacBook Pro Air iPad Pro Galaxy S22 S21 Surface Book Chromebook Dell XPS', 445.00, 'https://acosa.com.hn/wp-content/uploads/2023/01/50737.jpg', 'ACT', 4, 17),
  (54, 'Adaptador Inalambrico Wifi 6 Tp-Link Usb 3.0 1800Mbps 2 Antenas Dual Band Archer Tx20U Plus', 'El TP-Link Archer TX20U Plus ofrece Wi-Fi 6 dual band hasta 1800 Mbps, con antenas de alta ganancia para señal estable y USB 3.0 para transferencias rápidas. Incluye MU-MIMO, OFDMA y cifrado WPA3, ideal para gaming y streaming sin interrupciones.', 985.00, 'https://acosa.com.hn/wp-content/uploads/2024/09/Archer-TX20U-Plus.webp', 'ACT', 4, 35),
  (55, 'Cable Hdmi Macho A Hembra 0.5M Negro Hd107 Ugreen', 'El Ugreen HD107 es un cable HDMI macho a hembra de 0.5 m que permite extender la conexión entre dispositivos sin perder calidad. Compatible con resoluciones Full HD y 4K, ofrece transmisión estable y diseño compacto en color negro.', 93.50, 'https://acosa.com.hn/wp-content/uploads/2022/02/10140.jpg', 'ACT', 4, 20),
  (56, 'Cable Usb A Micro Usb Xtech', 'El Xtech XTC-322 es un cable USB a Micro USB ideal para cargar y transferir datos entre dispositivos compatibles. Compacto y duradero, ofrece una conexión estable y práctica para uso diario.', 46.00, 'https://acosa.com.hn/wp-content/uploads/2022/11/XTC-322.png', 'ACT', 4, 2),
  (57, 'Marcador Para Pizarra Azor Magistral Negro Grip', 'El Azor Magistral Grip es un marcador negro para pizarra con cuerpo ergonómico que brinda un agarre cómodo. Su tinta de secado rápido ofrece trazos intensos y fáciles de borrar, ideal para uso escolar u oficina.', 25.00, 'https://acosa.com.hn/wp-content/uploads/2023/11/A72458.webp', 'ACT', 1, 200),
  (58, 'Mina Deli 0.5Mm 2B', 'Experimenta una escritura suave y precisa con las minas deli 0.5mm 2B. tendrás suficientes repuestos para tus lápices favoritos. Olvídate de interrumpir tus tareas por falta de minas, y mantén tu creatividad fluyendo sin contratiempos. Asegura tu material escolar con este práctico set.', 19.20, 'https://acosa.com.hn/wp-content/uploads/2023/09/E7003.webp', 'ACT', 1, 89),
  (59, 'Caja Plastico Circulos Pequeña', 'Esta cartuchera plástica con círculos es el accesorio perfecto para mantener tus útiles escolares organizados y protegidos. Con su tamaño pequeño, podrás llevarla a todas partes sin ocupar mucho espacio en tu mochila. Es el accesorio perfecto para mantener tus útiles escolares organizados y protegidos.', 59.20, 'https://acosa.com.hn/wp-content/uploads/2022/11/A56254.png', 'ACT', 1, 30),
  (60, 'Sacapunta Deli 2 Agujeros C/Deposito', 'Este sacapunta Deli de 2 agujeros con depósito es el compañero perfecto para tus tareas escolares. Con su diseño compacto y eficiente, podrás afilar tus lápices de forma rápida y precisa. Su depósito integrado evita desorden y facilita la limpieza.', 22.30, 'https://acosa.com.hn/wp-content/uploads/2022/11/ER01100.jpg', 'ACT', 1, 65),
  (61, 'Cartulina Raspable A4 Paquete 10 Deli', 'Este paquete de cartulina raspable A4 de la marca Deli es ideal para proyectos escolares y creativos. Con su tamaño conveniente y calidad duradera, podrás crear increíbles obras de arte sin esfuerzo. Su superficie raspable permite darle un toque único y original a tus creaciones, brindándote la oportunidad de destacarte y expresar tu creatividad de manera única.', 101.20, 'https://acosa.com.hn/wp-content/uploads/2023/05/83602.jpg', 'ACT', 1, 7),
  (62, 'Barra Silicona Merletto Gruesa 11.2*', 'La Barra de Silicona Merletto 11.2 mm es ideal para trabajos escolares, manualidades y reparaciones rápidas. Ofrece una adhesión fuerte y uniforme, compatible con pistolas de silicona gruesa para un uso práctico y seguro.', 21.50, 'https://acosa.com.hn/wp-content/uploads/2021/03/780-0162002.webp', 'ACT', 1, 300),
  (63, 'Silicona Liquida 60 Ml Merletto', 'La Silicona Líquida Merletto 60 ml es perfecta para manualidades y proyectos escolares. Proporciona una adhesión fuerte y transparente, ideal para papel, cartón, tela y más, con aplicación fácil y limpia.', 49.80, 'https://acosa.com.hn/wp-content/uploads/2022/11/780-0507582.jpg', 'ACT', 1, 125),
  (64, 'Cancionero Esc Hondureño Paquito', 'El Cancionero Escolar Hondureño Paquito reúne canciones tradicionales y educativas de Honduras, ideal para actividades escolares y culturales. Favorece el aprendizaje musical y el rescate de costumbres nacionales en los niños.', 118.00, 'https://acosa.com.hn/wp-content/uploads/2022/12/A1899.jpg', 'ACT', 1, 51),
  (65, 'Carta Para El Aprendizaje Numeros Mis Pasitos', 'La Carta Mis Pasitos para el aprendizaje de números ayuda a los niños a reconocer y practicar del 1 al 10 de manera divertida y visual. Ideal para educación preescolar y primaria.', 104.00, 'https://acosa.com.hn/wp-content/uploads/2022/11/A25220.jpg', 'ACT', 1, 35),
  (66, 'Tabla Periodica Fisica Pequeña', 'Esta edición de Tabla Periódica de los Elementos difiere significativamente de la que hemos denominado Nueva Edición, pues incluye más información sobre cada uno de los elementos químicos, ya que brinda información de estos en las dos caras del producto.', 52.30, 'https://acosa.com.hn/wp-content/uploads/2023/10/A22643.webp', 'ACT', 1, 240),
  (67, 'Set Simbolos Patrios Medianos 8.5×11', 'Galería de Símbolos, Héroes y Próceres Nacionales. Por su calidad, presentación y durabilidad son los preferidos por estudiantes, padres de familia, docentes y autoridades educativas. Adquiéralos en diferentes tamaños y presentaciones, bien para uso escolar o para decorar aulas de clases y Altares cívicos.', 198.00, 'https://acosa.com.hn/wp-content/uploads/2021/03/SPN-2101.webp', 'ACT', 1, 150),
  (68, 'Cuestionario Civico De Honduras', 'El Cuestionario Cívico de Honduras contiene preguntas y respuestas sobre historia, símbolos patrios y valores cívicos del país, ideal para reforzar el conocimiento escolar y la preparación para evaluaciones educativas.', 45.70, 'https://acosa.com.hn/wp-content/uploads/2021/03/4872.webp', 'ACT', 1, 500),
  (69, 'Diccionario Webster Ingles-Español & Esp-Ing 936', 'El Diccionario Webster 936 es una herramienta bilingüe práctica para traducciones inglés-español y español-inglés. Incluye vocabulario esencial y definiciones claras, ideal para estudiantes y uso cotidiano.', 238.00, 'https://acosa.com.hn/wp-content/uploads/2023/07/A72135.webp', 'ACT', 1, 10),
  (70, 'Abaco Genial Mediano Surtido 18.8×16.5cm', 'Este abaco genial mediano, con colores surtidos, es el instrumento escolar perfecto para ayudar a los niños a desarrollar habilidades matemáticas de forma divertida y educativa.', 121.00, 'https://acosa.com.hn/wp-content/uploads/2024/05/GE-71594.webp', 'ACT', 1, 80),
  (71, 'Resaltador Azul Genial', 'Resalta tus ideas de forma única y creativa con nuestro resaltador azul genial. Con su tono vibrante y su punta precisa, podrás resaltar textos importantes de manera clara y llamativa.', 15.80, 'https://acosa.com.hn/wp-content/uploads/2021/03/HL7002-lb.webp', 'ACT', 1, 150),
  (72, 'Crayon 100 Colores Bote Lavable Carioca', 'El bote de crayones Carioca incluye 100 colores brillantes y lavables, con cuerpo de 8 mm, ideal para actividades escolares y creativas. Fácil de limpiar y perfecto para niños.', 332.00, 'https://acosa.com.hn/wp-content/uploads/2024/07/42399.webp', 'ACT', 1, 3),
  (73, 'Lapiz Grafito 2H Deli', 'Disfruta de una escritura suave y precisa con el Lápiz Grafito 2H Deli, ideal para tus tareas escolares. Su mina resistente te permitirá realizar trazos finos y limpios sin tener que preocuparte por roturas.', 7.80, 'https://acosa.com.hn/wp-content/uploads/2021/02/s9992H.png', 'ACT', 1, 57),
  (74, 'Juego Geometria 20cm 4pzs Genial', 'Disfruta de horas de diversión y aprendizaje con el JUEGO GEOM 20CM 4PZS GENIAL. Este set de 4 piezas ofrece una forma interactiva de enseñar conceptos geométricos a los más pequeños, estimulando su creatividad y habilidades matemáticas.', 21.30, 'https://acosa.com.hn/wp-content/uploads/2022/12/A47930.jpg', 'ACT', 1, 210),
  (75, 'Masking Tape 1 X30 Yd Genial', 'El MASKING TAPE 1 X30 YD GENIAL es la solución perfecta para tus proyectos de bricolaje y manualidades. Con su adhesivo de alta calidad, podrás proteger superficies y delinear con precisión. Además, su resistencia al desgarro y su fácil remoción lo hacen ideal para cualquier tarea. ¡Haz que tus proyectos luzcan impecables con este masking tape!', 16.50, 'https://acosa.com.hn/wp-content/uploads/2022/11/A49198.jpg', 'ACT', 2, 260),
  (76, 'Tape Magico 12Mmx18.3M C/Dispen 2 Rollos Deli', 'Olvida las molestias al intentar cortar cinta adhesiva con este práctico set de TAPE MÁGICO. Con un dispensador incluido, podrás cortar fácilmente la cantidad exacta que necesitas, ahorrando tiempo y evitando desperdicios. Su adhesivo de alta calidad garantiza una fijación segura en tus documentos o paquetes. Mantén tu oficina organizada y eficiente con este indispensable producto.', 29.60, 'https://acosa.com.hn/wp-content/uploads/2022/11/EA30411.png', 'ACT', 2, 45),
  (77, 'Calculadora Casio HR-8RC 12 Digitos Impresion en Cinta 2 Colores', 'Imprima varias copias del historial de cálculos sin tener que volver a ingresar los datos. Gracias a que se puede imprimir más tarde, incluso con el modo de impresión desactivado, se pueden disminuir las erratas. Vea el historial de cálculos en la pantalla sin tener que imprimirlo. Puede imprimir la hora y fecha.', 1119.00, 'https://acosa.com.hn/wp-content/uploads/2023/05/HR-8RC-BK.webp', 'ACT', 2, 13),
  (78, 'Destructor Dahle 10 Hojas Para Papel/Tarjetas Credito Ps 140', 'La Dahle PS 140 destruye hasta 10 hojas y tarjetas de crédito en partículas pequeñas, ideal para oficinas pequeñas. Ofrece arranque automático, protección contra sobrecarga y sobrecalentamiento, y depósito con mirilla para fácil vaciado.', 4045.00, 'https://acosa.com.hn/wp-content/uploads/2021/09/23140-16176.webp', 'ACT', 2, 13),
  (79, 'Grapa 13/8 1000 Unidades Deli', 'Organiza tus documentos de forma eficiente con las grapas 13/8 de la marca Deli. Con este paquete de 1000 unidades, podrás mantener tu oficina ordenada y tus papeles siempre juntos. Olvídate de perder tiempo buscando documentos sueltos, con estas grapas podrás mantener todo en su lugar de manera rápida y sencilla.', 24.40, 'https://acosa.com.hn/wp-content/uploads/2022/11/ET70010.png', 'ACT', 2, 50),
  (80, 'Perforadora Deli 8Cm 40 Hojas', 'Con la perforadora Deli de 8cm podrás perforar hasta 40 hojas de papel de forma rápida y precisa, ahorrando tiempo en tus tareas diarias de oficina. Su diseño ergonómico y su color gris moderno la hacen perfecta para cualquier ambiente de trabajo.', 248.70, 'https://acosa.com.hn/wp-content/uploads/2021/05/0120.png', 'ACT', 2, 16),
  (81, 'Clip Billetero 1 5/8 Deli Pqt12 (41Mm)', 'Este paquete de 12 clip billeteros de 41mm de Deli ofrece una solución elegante y práctica para organizar tus billetes y documentos de forma segura. Con un diseño duradero y compacto, estos clips son ideales para mantener tu dinero ordenado y accesible en la oficina o en movimiento.', 46.70, 'https://acosa.com.hn/wp-content/uploads/2022/11/E38562.jpg', 'ACT', 2, 35),
  (82, 'Clips Standard Force 100 Und', 'Los Clips Standard Force vienen en caja de 100 unidades y son ideales para organizar documentos. Fabricados en metal resistente, aseguran una sujeción firme y duradera para uso escolar u oficina.', 9.00, 'https://acosa.com.hn/wp-content/uploads/2022/11/A46043.png', 'ACT', 2, 26),
  (83, 'Libro Contable Inventario Y Balance 3 Columnas', 'Optimiza el control de tu inventario y finanzas con el libro Conta Inventario y Balance 3 Col Genial. Con este producto, podrás llevar un registro detallado de tus activos, pasivos y capital, facilitando la toma de decisiones financieras.', 65.00, 'https://acosa.com.hn/wp-content/uploads/2023/04/A47693.webp', 'ACT', 2, 70),
  (84, 'Push Pins Deli Col 35 Unidades', 'Organiza tus documentos de forma creativa y funcional con estos push pins de colores variados. Con 35 unidades en cada paquete, podrás mantener tus notas y recordatorios siempre a la vista de manera ordenada y atractiva. Ideal para mantener tu escritorio organizado y darle un toque de color a tu espacio de trabajo.', 19.70, 'https://acosa.com.hn/wp-content/uploads/2022/11/E0021.png', 'ACT', 2, 48),
  (85, 'Nota Adhesiva Infonote 2X2 Surtido Neon Cubo 5658-39', 'El cubo de notas adhesivas Infonote 2x2 en colores neón surtidos es ideal para recordatorios y organización diaria. Su tamaño compacto y colores vibrantes facilitan la visibilidad en el trabajo o estudio.', 49.60, 'https://acosa.com.hn/wp-content/uploads/2021/08/5658-39.png', 'ACT', 2, 13),
  (86, 'Papel Carbon Tamaño Carta Negro 1022G Pelikan', 'El papel carbón Pelikan 1022G en tamaño carta y color negro es ideal para realizar copias nítidas en documentos escritos o mecanografiados. Perfecto para uso en oficina o tareas administrativas.', 165.00, 'https://acosa.com.hn/wp-content/uploads/2022/11/10220217.jpg', 'ACT', 2, 43),
  (87, 'Papel Bond A4 B20 8.25X11.69 Hewlett Packard', 'El papel bond Hewlett Packard A4 B20 de 8.25″ x 11.69″ ofrece alta calidad para impresión y copiado. Ideal para uso diario en oficinas, garantiza resultados nítidos y profesionales', 185.00, 'https://acosa.com.hn/wp-content/uploads/2024/08/PPA47HM96.webp', 'ACT', 2, 83),
  (88, 'Agenda Diaria 2023 Ferrini Gradara A08 Negro', 'La agenda diaria Ferrini Gradara 2023 en color negro combina diseño elegante y práctico para organizar tus actividades diarias. Ideal para oficina o uso personal, con formato cómodo y duradero.', 105.00, 'https://acosa.com.hn/wp-content/uploads/2022/10/A63435.jpg', 'ACT', 2, 2),
  (89, 'Sobre Plastico Tamaño Carta Con Cordon Vert Merletto', 'El sobre plástico Merletto tamaño carta con cierre de cordón vertical es ideal para proteger y organizar documentos. Resistente y práctico para uso escolar, oficina o archivo personal.', 21.00, 'https://acosa.com.hn/wp-content/uploads/2022/11/780-6991679.png', 'ACT', 2, 6),
  (90, 'Archivador Genial Tamaño Carta Negro', 'Mantén tus documentos organizados y seguros con este archivador de la marca Genial. Con tamaño carta y color negro, este producto es ideal para uso en oficinas. Ahorra tiempo al tener tus papeles siempre al alcance y evita perder información importante. ¡Haz que tu día a día sea más eficiente con este práctico archivador!', 54.50, 'https://acosa.com.hn/wp-content/uploads/2022/11/A48156.jpg', 'ACT', 2, 300),
  (91, 'Separador De Hojas Acrimet A-Z T/O', 'El separador de hojas Acrimet A-Z es perfecto para clasificar documentos alfabéticamente. Fabricado en material resistente, facilita la organización en carpetas y archivadores de oficina o estudio.', 56.01, 'https://acosa.com.hn/wp-content/uploads/2021/03/621.webp', 'ACT', 2, 23),
  (92, 'Hoja Protect Tamaño Carta Paquete 100 Transp Merletto', 'El paquete de 100 hojas protectoras Merletto tamaño carta ofrece protección transparente para documentos. Son resistentes y perfectas para archivar en carpetas de anillas sin dañar el papel.', 87.89, 'https://acosa.com.hn/wp-content/uploads/2025/05/780-7211301.webp', 'ACT', 2, 60),
  (93, 'Amazon Echo Auto Asistente Inteligente', 'El Amazon Echo Auto agrega Alexa a tu automóvil, permitiéndote reproducir música, hacer llamadas y obtener información por voz. Se conecta por Bluetooth o auxiliar y cuenta con 8 micrófonos para escuchar claramente incluso con ruido en la carretera.', 895.00, 'https://acosa.com.hn/wp-content/uploads/2025/05/AMZ-B07VTK654B.webp', 'ACT', 3, 22),
  (94, 'Control Remoto Inteligente Universal Ir+Rf Nexxt Nha-I610', 'El control remoto universal IR/RF te ayudará a simplificar tu vida al fusionar tus controles remotos en una sola aplicación en tu teléfono. Olvídate de buscar por todos lados esos controles que siempre parecen esconderse en algún rincón de la casa.', 695.00, 'https://acosa.com.hn/wp-content/uploads/2024/09/NHA-I610.webp', 'ACT', 3, 48),
  (95, 'Dispensador De Alimento Inteligente Para Mascota Con Camara Nexxt', 'Tu mascota es parte de tu familia y merece los mejores cuidados especialmente no dejarla con hambre cuando queda sola. El dispensador inteligente de alimento para mascotas de Nexxt Solutions se encarga de todo; le puedes programar su alimento, su dieta, vigilarla y hablar con ella.', 3125.00, 'https://acosa.com.hn/wp-content/uploads/2023/06/NHA-P610.webp', 'ACT', 3, 3),
  (96, 'Parlante Inteligente Amazon 3.5mm 15w Azul Alexa', 'El parlante inteligente Amazon con Alexa ofrece sonido claro de 15W y compatibilidad con Android, iOS y Fire OS. Incluye conexión Wi-Fi 5 y salida de 3.5 mm, ideal para control por voz y música en casa.', 1985.00, 'https://acosa.com.hn/wp-content/uploads/2021/09/B084J4MZK8.png', 'ACT', 3, 46),
  (97, 'Soporte Magnetico Para Celular Para Carro Ch3005Bk Unno', 'El soporte magnético Unno CH3005BK fija tu celular al parabrisas o salpicadero con ventosa de gel y brazo extensible ajustable. Compatible con teléfonos hasta 3.74″, ofrece visión multiángulo y fácil instalación para mayor comodidad al conducir.', 259.00, 'https://acosa.com.hn/wp-content/uploads/2023/10/CH3005BK.webp', 'ACT', 3, 8),
  (98, 'Cargador Portatil Inalambrico 5 000Mah Powercell Lite Klipx', 'PowerCell Lite de KlipXtreme, ¡tu banco de energía portátil ideal! Con una batería de polímero de iones de litio de alta calidad de 5000 mAh, carga dos dispositivos simultáneamente a través de un puerto USB-C® PD y un puerto USB-A, cada uno con un máximo de 12 W.', 395.00, 'https://acosa.com.hn/wp-content/uploads/2025/06/KPB-250.webp', 'ACT', 3, 12),
  (99, 'Celular Samsung A16 6.7 4GB-128GB Negro', 'El Samsung A16 ofrece pantalla Super AMOLED de 6.7″ con 90 Hz, 128 GB de almacenamiento y 4 GB de RAM. Incorpora cámaras traseras de 50 MP + 5 MP + 2 MP y batería de 5000 mAh para rendimiento equilibrado y gran autonomía.', 5895.00, 'https://acosa.com.hn/wp-content/uploads/2025/01/CEA201.webp', 'ACT', 3, 17),
  (100, 'Kit Videoportero Wifi 2 4Ghz Ip65 Hilook', 'El Kit Videoportero Hilook incluye estación interior y timbre analógico de 4 hilos con pantalla táctil. Ofrece gestión desde la app Hik-Connect, instalación sencilla y carcasa de aleación de aluminio con protección IP65.', 4300.00, 'https://acosa.com.hn/wp-content/uploads/2024/08/VI-K43P.webp', 'ACT', 3, 40),
  (101, 'Sirena Inalambrica Para Exterior Alarma Ax Pro Hikvision', 'La sirena inalámbrica Hikvision AX Pro para exterior ofrece comunicación segura a 433 MHz con cifrado AES-128, 110 dB de potencia y 3 modos de alarma. Cuenta con batería de hasta 3 años, protección IP65 y configuración remota mediante app.', 3215.00, 'https://acosa.com.hn/wp-content/uploads/2025/07/DS-PS1-E-WB-2.webp', 'ACT', 3, 5),
  (102, 'Impresora Epson Sublimacion A4 Surecolor F170 Wifi', 'Obtenga una impresión de sublimación de tinta rápida y confiable desde el primer momento con la SureColor F170. Ideal para personalizar premios, tazas, alfombrillas de ratón y más, esta impresora de sublimación de tinta de alto rendimiento ofrece impresiones de calidad profesional utilizando la potente tecnología PrecisionCore®.', 11920.00, 'https://acosa.com.hn/wp-content/uploads/2025/04/C11CJ80201.webp', 'ACT', 3, 17),
  (103, 'Pantalla Digital De Piso 55 Hikvision', 'Controle y administre remotamente una o más pantallas, como el inicio/apagado programado, el inicio/apagado rápido, el ajuste temporizado de brillo/volumen y la vista previa de capturas de pantalla. Liberación remota de programas y actualización local (USB).', 55245.00, 'https://acosa.com.hn/wp-content/uploads/2025/07/A78553.webp', 'ACT', 3, 1),
  (104, 'Monitor Inteligente Para Bebe Con Camara Nexxt 2K Audio-B Rgb Nhc-B100', 'El monitor inteligente Nexxt NHC-B100 ofrece vigilancia 2K con audio bidireccional y anillo de luz RGB dimerizable, ideal para crear un ambiente tranquilo para tu bebé. Permite reproducir canciones de cuna y controlarlo fácilmente desde la aplicación móvil.', 1295.00, 'https://acosa.com.hn/wp-content/uploads/2024/06/NHC-B100.webp', 'ACT', 3, 39),
  (105, 'Enchufe Inteligente Tp-link 2.4 GHz Kasa App Alexa&Google 15A', 'El enchufe inteligente TP-Link Kasa permite controlar dispositivos desde la app Kasa o mediante voz con Alexa y Google Assistant. Funciona en red Wi-Fi de 2.4 GHz, soporta hasta 15A y facilita programar horarios y automatizaciones para tu hogar inteligente.', 661.00, 'https://acosa.com.hn/wp-content/uploads/2021/07/KP200.png', 'ACT', 3, 70),
  (106, 'Soporte Klipx Giratorio Para Televisor 26-55', 'El soporte KlipX giratorio es compatible con televisores de 26″ a 55″, ofreciendo un montaje seguro y versátil. Permite ajustar la posición del televisor con su diseño giratorio para lograr el ángulo de visión ideal en cualquier espacio.', 1195.00, 'https://acosa.com.hn/wp-content/uploads/2021/03/KPM-885.webp', 'ACT', 3, 99),
  (107, 'Cargador Para Carro 2Usb-A Gris 36W Carga Rapida Cd213 Ugreen', 'Cargador de coche USB dual de carga rápida, adaptador para encendedor de cigarrillos compatible con iPhone 14/13/12/11/SE/XR/X/XS, Galaxy S22/S21/S20/S10/Note 20, Pixel 5/4/3.', 381.50, 'https://acosa.com.hn/wp-content/uploads/2022/04/10144.jpg', 'ACT', 3, 19),
  (108, 'Pantalla Con Tripode Para Proyeccion 86 Pulgadas Blanca Klipx Kps-102b', 'Esta pantalla de proyección es ideal para usar en aulas, auditorios o salas de conferencias. Su resistente plataforma estilo trípode la hace extremadamente portátil, ya que puede armarse en solo minutos y se pliega fácilmente cuando no se utiliza. Su acabado mate evita que el brillo y el reflejo dificulten la visión. Disponible con la cubierta en color Negro.', 3695.00, 'https://acosa.com.hn/wp-content/uploads/2025/05/KPS-102B.webp', 'ACT', 3, 6);


--Datos en la tabla de Ventas
  INSERT INTO `sales` (`saleId`, `productId`, `discountPercent`, `saleStart`, `saleEnd`) VALUES
  (1, 1, 20.00, '2025-07-18 00:00:00', '2025-10-31 23:59:59'),
  (2, 8, 10.00, '2025-07-18 00:00:00', '2025-10-31 23:59:59'),
  (3, 12, 15.00, '2025-07-18 00:00:00', '2025-10-31 23:59:59'),
  (4, 16, 25.00, '2025-07-18 00:00:00', '2025-10-31 23:59:59'),
  (5, 17, 16.00, '2025-07-18 00:00:00', '2025-10-31 23:59:59'),
  (6, 18, 12.00, '2025-07-18 00:00:00', '2025-10-31 23:59:59'),
  (7, 20, 20.00, '2025-07-18 00:00:00', '2025-10-31 23:59:59'),
  (8, 21, 40.00, '2025-07-18 00:00:00', '2025-10-31 23:59:59');


--Datos en la tabla de Categorias
  INSERT INTO `categories` (`categoryId`, `categoryName`) VALUES
  (1, 'Escolar'),
  (2, 'Oficina'),
  (3, 'Electrónica'),
  (4, 'Cómputo');



--USUARIOS, ROLES, FUNCIONES
  --Definir los roles
  INSERT INTO `roles` (`roleid`, `rolescod`, `rolesdsc`, `rolesest`) VALUES
  (1, 'admin', 'administrador', 'ACT');


  --Debe haber un usuario creado en la tabla de Usuario, se identifica mediante el usercod
  --Se inserta a roles_usuario, especificando el rol que tiene
  INSERT INTO `roles_usuarios` (`roleuserid`, `usercod`, `rolescod`, `roleuserest`, `roleuserfch`, `roleuserexp`) VALUES
  (1, 1, 'admin', 'ACT', '2025-07-24 14:22:00', '2025-08-26 14:22:00' );


  --Datos en la tabla de Funciones
  INSERT INTO `funciones` (`fnid`, `fncod`, `fndsc`, `fnest`, `fntyp`) VALUES
  (1, 'Menu_PaymentCheckout', 'Menu_PaymentCheckout', 'ACT', 'MNU'),
  (2, 'Controllers\\Modules\\Categories\\Categories', 'Controllers\\Modules\\Categories\\Categories', 'ACT', 'CTR'),
  (3, 'Controllers\\Modules\\Categories\\Categories\\new', 'Controllers\\Modules\\Categories\\Categories\\new', 'ACT', 'FNC'),
  (4, 'Controllers\\Modules\\Categories\\Categories\\update', 'Controllers\\Modules\\Categories\\Categories\\update', 'ACT', 'FNC'),
  (5, 'Controllers\\Modules\\Categories\\Categories\\delete', 'Controllers\\Modules\\Categories\\Categories\\delete', 'ACT', 'FNC'),
  (6, 'Controllers\\Modules\\Categories\\Category', 'Controllers\\Modules\\Categories\\Category', 'ACT', 'CTR'),
  (7, 'Controllers\\Modules\\Funciones\\Funciones', 'Controllers\\Modules\\Funciones\\Funciones', 'ACT', 'CTR'),
  (8, 'Controllers\\Modules\\Funciones\\Funciones\\new', 'Controllers\\Modules\\Funciones\\Funciones\\new', 'ACT', 'FNC'),
  (9, 'Controllers\\Modules\\Funciones\\Funciones\\update', 'Controllers\\Modules\\Funciones\\Funciones\\update', 'ACT', 'FNC'),
  (10, 'Controllers\\Modules\\Funciones\\Funciones\\delete', 'Controllers\\Modules\\Funciones\\Funciones\\delete', 'ACT', 'FNC'),
  (11, 'Controllers\\Modules\\Funciones\\Funcion', 'Controllers\\Modules\\Funciones\\Funcion', 'ACT', 'CTR'),
  (12, 'Controllers\\Modules\\FuncionesRoles\\FuncionesRoles', 'Controllers\\Modules\\FuncionesRoles\\FuncionesRoles', 'ACT', 'CTR'),
  (13, 'Controllers\\Modules\\FuncionesRoles\\FuncionesRoles\\new', 'Controllers\\Modules\\FuncionesRoles\\FuncionesRoles\\new', 'ACT', 'FNC'),
  (14, 'Controllers\\Modules\\FuncionesRoles\\FuncionesRoles\\update', 'Controllers\\Modules\\FuncionesRoles\\FuncionesRoles\\update', 'ACT', 'FNC'),
  (15, 'Controllers\\Modules\\FuncionesRoles\\FuncionesRoles\\delete', 'Controllers\\Modules\\FuncionesRoles\\FuncionesRoles\\delete', 'ACT', 'FNC'),
  (16, 'Controllers\\Modules\\FuncionesRoles\\FuncionesRol', 'Controllers\\Modules\\FuncionesRoles\\FuncionesRol', 'ACT', 'CTR'),
  (17, 'Controllers\\Modules\\Products\\Products', 'Controllers\\Modules\\Products\\Products', 'ACT', 'CTR'),
  (18, 'Controllers\\Modules\\Products\\Products\\new', 'Controllers\\Modules\\Products\\Products\\new', 'ACT', 'FNC'),
  (19, 'Controllers\\Modules\\Products\\Products\\update', 'Controllers\\Modules\\Products\\Products\\update', 'ACT', 'FNC'),
  (20, 'Controllers\\Modules\\Products\\Products\\delete', 'Controllers\\Modules\\Products\\Products\\delete', 'ACT', 'FNC'),
  (21, 'Controllers\\Modules\\Products\\Product', 'Controllers\\Modules\\Products\\Product', 'ACT', 'CTR'),
  (22, 'Controllers\\Modules\\Roles\\Roles', 'Controllers\\Modules\\Roles\\Roles', 'ACT', 'CTR'),
  (23, 'Controllers\\Modules\\Roles\\Roles\\new', 'Controllers\\Modules\\Roles\\Roles\\new', 'ACT', 'FNC'),
  (24, 'Controllers\\Modules\\Roles\\Roles\\update', 'Controllers\\Modules\\Roles\\Roles\\update', 'ACT', 'FNC'),
  (25, 'Controllers\\Modules\\Roles\\Roles\\delete', 'Controllers\\Modules\\Roles\\Roles\\delete', 'ACT', 'FNC'),
  (26, 'Controllers\\Modules\\Roles\\Rol', 'Controllers\\Modules\\Roles\\Rol', 'ACT', 'CTR'),
  (27, 'Controllers\\Modules\\RolesUsuarios\\RolesUsuarios', 'Controllers\\Modules\\RolesUsuarios\\RolesUsuarios', 'ACT', 'CTR'),
  (28, 'Controllers\\Modules\\RolesUsuarios\\RolesUsuarios\\new', 'Controllers\\Modules\\RolesUsuarios\\RolesUsuarios\\new', 'ACT', 'FNC'),
  (29, 'Controllers\\Modules\\RolesUsuarios\\RolesUsuarios\\update', 'Controllers\\Modules\\RolesUsuarios\\RolesUsuarios\\update', 'ACT', 'FNC'),
  (30, 'Controllers\\Modules\\RolesUsuarios\\RolesUsuarios\\delete', 'Controllers\\Modules\\RolesUsuarios\\RolesUsuarios\\delete', 'ACT', 'FNC'),
  (31, 'Controllers\\Modules\\RolesUsuarios\\RolesUsuario', 'Controllers\\Modules\\RolesUsuarios\\RolesUsuario', 'ACT', 'CTR'),
  (32, 'Controllers\\Modules\\Sales\\Sales', 'Controllers\\Modules\\Sales\\Sales', 'ACT', 'CTR'),
  (33, 'Controllers\\Modules\\Sales\\Sales\\new', 'Controllers\\Modules\\Sales\\Sales\\new', 'ACT', 'FNC'),
  (34, 'Controllers\\Modules\\Sales\\Sales\\update', 'Controllers\\Modules\\Sales\\Sales\\update', 'ACT', 'FNC'),
  (35, 'Controllers\\Modules\\Sales\\Sales\\delete', 'Controllers\\Modules\\Sales\\Sales\\delete', 'ACT', 'FNC'),
  (36, 'Controllers\\Modules\\Sales\\Sale', 'Controllers\\Modules\\Sales\\Sale', 'ACT', 'CTR'),
  (37, 'Controllers\\Modules\\Usuarios\\Usuarios', 'Controllers\\Modules\\Usuarios\\Usuarios', 'ACT', 'CTR'),
  (38, 'Controllers\\Modules\\Usuarios\\Usuarios\\new', 'Controllers\\Modules\\Usuarios\\Usuarios\\new', 'ACT', 'FNC'),
  (39, 'Controllers\\Modules\\Usuarios\\Usuarios\\update', 'Controllers\\Modules\\Usuarios\\Usuarios\\update', 'ACT', 'FNC'),
  (40, 'Controllers\\Modules\\Usuarios\\Usuarios\\delete', 'Controllers\\Modules\\Usuarios\\Usuarios\\delete', 'ACT', 'FNC'),
  (41, 'Controllers\\Modules\\Usuarios\\Usuario', 'Controllers\\Modules\\Usuarios\\Usuario', 'ACT', 'CTR'),
  (42, 'Controllers\\Modules\\Transactions\\transactions', 'Controllers\\Modules\\Transactions\\transactions', 'ACT', 'CTR'),
  (43, 'Controllers\\Modules\\Transactions\\Transaction', 'Controllers\\Modules\\Transactions\\Transaction', 'ACT', 'CTR'),
  (44, 'Controllers\Modules\Orders\Orders', 'Controllers\Modules\Orders\Orders\update', 'ACT', 'CTR'),
  (45, 'Controllers\Modules\Orders\Orders\update', 'Controllers\Modules\Orders\Orders\update', 'ACT', 'CTR'),
  (46, 'Controllers\Modules\Orders\Order', 'Controllers\Modules\Orders\Order', 'ACT', 'CTR'),
  (47, 'Menu_Categories', 'Menu_Categories', 'ACT', 'MNU'),
  (48, 'Menu_Funciones', 'Menu_Funciones', 'ACT', 'MNU'),
  (49, 'Menu_FuncionesRoles', 'Menu_FuncionesRoles', 'ACT', 'MNU'),
  (50, 'Menu_Orders', 'Menu_Orders', 'ACT', 'MNU'),
  (51, 'Menu_Products', 'Menu_Products', 'ACT', 'MNU'),
  (52, 'Menu_Roles', 'Menu_Roles', 'ACT', 'MNU'),
  (53, 'Menu_RolesUsuarios', 'Menu_RolesUsuarios', 'ACT', 'MNU'),
  (54, 'Menu_Sales', 'Menu_Sales', 'ACT', 'MNU'),
  (55, 'Menu_Transactions', 'Menu_Transaction', 'ACT', 'MNU'),
  (56, 'Menu_Usuarios', 'Menu_Usuarios', 'ACT', 'MNU');

--Datos en la tabla de Funciones_Roles
  INSERT INTO `funciones_roles` (`fnrolid`, `rolescod`, `fncod`, `fnrolest`, `fnexp`) VALUES
  (1, 'admin', 'Controllers\\Modules\\Categories\\Categories', 'ACT', '2030-12-31 00:00:00'),
  (2, 'admin', 'Controllers\\Modules\\Categories\\Categories\\new', 'ACT', '2030-12-31 00:00:00'),
  (3, 'admin', 'Controllers\\Modules\\Categories\\Categories\\update', 'ACT', '2030-12-31 00:00:00'),
  (4, 'admin', 'Controllers\\Modules\\Categories\\Category', 'ACT', '2030-12-31 00:00:00'),
  (5, 'admin', 'Controllers\\Modules\\Categories\\Categories\\delete', 'ACT', '2030-12-31 00:00:00'),
  (6, 'admin', 'Controllers\\Modules\\Funciones\\Funciones', 'ACT', '2030-12-31 00:00:00'),
  (7, 'admin', 'Controllers\\Modules\\Funciones\\Funciones\\new', 'ACT', '2030-12-31 00:00:00'),
  (8, 'admin', 'Controllers\\Modules\\Funciones\\Funciones\\update', 'ACT', '2030-12-31 00:00:00'),
  (9, 'admin', 'Controllers\\Modules\\Funciones\\Funciones\\delete', 'ACT', '2030-12-31 00:00:00'),
  (10, 'admin', 'Controllers\\Modules\\Funciones\\Funcion', 'ACT', '2030-12-31 00:00:00'),
  (11, 'admin', 'Controllers\\Modules\\FuncionesRoles\\FuncionesRoles', 'ACT', '2030-12-31 00:00:00'),
  (12, 'admin', 'Controllers\\Modules\\FuncionesRoles\\FuncionesRoles\\new', 'ACT', '2030-12-31 00:00:00'),
  (13, 'admin', 'Controllers\\Modules\\FuncionesRoles\\FuncionesRoles\\update', 'ACT', '2030-12-31 00:00:00'),
  (14, 'admin', 'Controllers\\Modules\\FuncionesRoles\\FuncionesRoles\\delete', 'ACT', '2030-12-31 00:00:00'),
  (15, 'admin', 'Controllers\\Modules\\FuncionesRoles\\FuncionesRol', 'ACT', '2030-12-31 00:00:00'),
  (16, 'admin', 'Controllers\\Modules\\Products\\Products', 'ACT', '2030-12-31 00:00:00'),
  (17, 'admin', 'Controllers\\Modules\\Products\\Products\\new', 'ACT', '2030-12-31 00:00:00'),
  (18, 'admin', 'Controllers\\Modules\\Products\\Products\\update', 'ACT', '2030-12-31 00:00:00'),
  (19, 'admin', 'Controllers\\Modules\\Products\\Products\\delete', 'ACT', '2030-12-31 00:00:00'),
  (20, 'admin', 'Controllers\\Modules\\Products\\Product', 'ACT', '2030-12-31 00:00:00'),
  (21, 'admin', 'Controllers\\Modules\\Roles\\Roles', 'ACT', '2030-12-31 00:00:00'),
  (22, 'admin', 'Controllers\\Modules\\Roles\\Roles\\new', 'ACT', '2030-12-31 00:00:00'),
  (23, 'admin', 'Controllers\\Modules\\Roles\\Roles\\update', 'ACT', '2030-12-31 00:00:00'),
  (24, 'admin', 'Controllers\\Modules\\Roles\\Roles\\delete', 'ACT', '2030-12-31 00:00:00'),
  (25, 'admin', 'Controllers\\Modules\\Roles\\Rol', 'ACT', '2030-12-31 00:00:00'),
  (26, 'admin', 'Controllers\\Modules\\RolesUsuarios\\RolesUsuarios', 'ACT', '2030-12-31 00:00:00'),
  (27, 'admin', 'Controllers\\Modules\\RolesUsuarios\\RolesUsuarios\\new', 'ACT', '2030-12-31 00:00:00'),
  (28, 'admin', 'Controllers\\Modules\\RolesUsuarios\\RolesUsuarios\\update', 'ACT', '2030-12-31 00:00:00'),
  (29, 'admin', 'Controllers\\Modules\\RolesUsuarios\\RolesUsuarios\\delete', 'ACT', '2030-12-31 00:00:00'),
  (30, 'admin', 'Controllers\\Modules\\RolesUsuarios\\RolesUsuario', 'ACT', '2030-12-31 00:00:00'),
  (31, 'admin', 'Controllers\\Modules\\Sales\\Sales', 'ACT', '2030-12-31 00:00:00'),
  (32, 'admin', 'Controllers\\Modules\\Sales\\Sales\\new', 'ACT', '2030-12-31 00:00:00'),
  (33, 'admin', 'Controllers\\Modules\\Sales\\Sales\\update', 'ACT', '2030-12-31 00:00:00'),
  (34, 'admin', 'Controllers\\Modules\\Sales\\Sales\\delete', 'ACT', '2030-12-31 00:00:00'),
  (35, 'admin', 'Controllers\\Modules\\Sales\\Sale', 'ACT', '2030-12-31 00:00:00'),
  (36, 'admin', 'Controllers\\Modules\\Usuarios\\Usuarios', 'ACT', '2030-12-31 00:00:00'),
  (37, 'admin', 'Controllers\\Modules\\Usuarios\\Usuario', 'ACT', '2030-12-31 00:00:00'),
  (38, 'admin', 'Controllers\\Modules\\Usuarios\\Usuarios\\new', 'ACT', '2030-12-31 00:00:00'),
  (39, 'admin', 'Controllers\\Modules\\Usuarios\\Usuarios\\update', 'ACT', '2030-12-31 00:00:00'),
  (40, 'admin', 'Controllers\\Modules\\Usuarios\\Usuarios\\delete', 'ACT', '2030-12-31 00:00:00'),
  (41, 'admin', 'Controllers\\Modules\\Transactions\\transactions', 'ACT', '2030-12-31 00:00:00'),
  (42, 'admin', 'Controllers\\Modules\\Transactions\\Transaction', 'ACT', '2030-12-31 00:00:00'),
  (43, 'admin', 'Controllers\Modules\Orders\Orders', 'ACT', '2030-12-31 00:00:00'),
  (44, 'admin', 'Controllers\Modules\Orders\Orders\update', 'ACT', '2030-12-31 00:00:00'),
  (45, 'admin', 'Controllers\Modules\Orders\Order', 'ACT', '2030-12-31 00:00:00');







